{"cameraMode":{"drawMode":0,"name":"Shaded","section":"Shading Mode"},"sceneLighting":false,"audioPlay":false,"sceneViewState":{"showFog":true,"showMaterialUpdate":false,"showSkybox":true,"showFlares":true,"showImageEffects":true,"showParticleSystems":true},"in2DMode":false,"pivot":{"x":168.60000610351563,"y":1.899999976158142,"z":438.6000061035156},"rotation":{"x":-0.20202487707138062,"y":0.6908973455429077,"z":-0.21107403934001923,"w":-0.6612825393676758},"size":6.083251953125,"orthographic":false}