{"cameraMode":{"drawMode":0,"name":"Shaded","section":"Shading Mode"},"sceneLighting":true,"audioPlay":false,"sceneViewState":{"showFog":true,"showMaterialUpdate":false,"showSkybox":true,"showFlares":true,"showImageEffects":true,"showParticleSystems":true},"in2DMode":false,"pivot":{"x":173.13168334960938,"y":10.944204330444336,"z":427.1306457519531},"rotation":{"x":0.028112947940826417,"y":-0.9703971743583679,"z":0.19469007849693299,"w":0.14012430608272553},"size":212.6812286376953,"orthographic":false}