{"cameraMode":{"drawMode":0,"name":"Shaded","section":"Shading Mode"},"sceneLighting":false,"audioPlay":false,"sceneViewState":{"showFog":true,"showMaterialUpdate":false,"showSkybox":true,"showFlares":true,"showImageEffects":true,"showParticleSystems":true},"in2DMode":false,"pivot":{"x":713.8477172851563,"y":1.1335786581039429,"z":456.52569580078127},"rotation":{"x":-0.1148165762424469,"y":-0.8033873438835144,"z":0.16452689468860627,"w":-0.5606397390365601},"size":14.94699478149414,"orthographic":false}