{"cameraMode":{"drawMode":0,"name":"Shaded","section":"Shading Mode"},"sceneLighting":false,"audioPlay":false,"sceneViewState":{"showFog":true,"showMaterialUpdate":false,"showSkybox":true,"showFlares":true,"showImageEffects":true,"showParticleSystems":true},"in2DMode":false,"pivot":{"x":-377.3389892578125,"y":1.1574740409851075,"z":355.75408935546877},"rotation":{"x":-0.3124849796295166,"y":-0.48069897294044497,"z":0.188381627202034,"w":-0.7973669171333313},"size":224.73313903808595,"orthographic":false}