{"cameraMode":{"drawMode":0,"name":"Shaded","section":"Shading Mode"},"sceneLighting":true,"audioPlay":false,"sceneViewState":{"showFog":true,"showMaterialUpdate":false,"showSkybox":true,"showFlares":true,"showImageEffects":true,"showParticleSystems":true},"in2DMode":false,"pivot":{"x":173.2692108154297,"y":17.448936462402345,"z":304.8372497558594},"rotation":{"x":0.006239407230168581,"y":0.7415902018547058,"z":-0.6707887649536133,"w":0.006898120976984501},"size":53.975746154785159,"orthographic":false}