{"cameraMode":{"drawMode":0,"name":"Shaded","section":"Shading Mode"},"sceneLighting":true,"audioPlay":false,"sceneViewState":{"showFog":true,"showMaterialUpdate":false,"showSkybox":true,"showFlares":true,"showImageEffects":true,"showParticleSystems":true},"in2DMode":false,"pivot":{"x":-292.6888732910156,"y":2.2915611267089845,"z":90.6983642578125},"rotation":{"x":0.4733229875564575,"y":-0.5266748666763306,"z":0.49839192628860476,"w":0.5001845359802246},"size":39.73844528198242,"orthographic":false}